bad_domains,classification
comcast.net,Bad Domain
rocketmail.com,Bad Domain
outlook.com,Bad Domain
verizon.netm,Bad Domain
rogers.com,Bad Domain
ymail.com,Bad Domain
gmail.com,Bad Domain
earthlink.net,Bad Domain
cox.net,Bad Domain
msn.com,Bad Domain
netzero.com,Bad Domain
bell.net,Bad Domain
fastmail.net,Bad Domain
yahoo.com,Bad Domain
aol.com,Bad Domain
none.com,Bad Domain
bellsouth.net,Bad Domain
ringcentral.com,Bad Domain
att.com,Bad Domain
hotmail.com,Bad Domain
test.com,Bad Domain
verizon.net,Bad Domain
live.com,Bad Domain
me.com,Bad Domain
mac.com,Bad Domain
comcast.com,Bad Domain
rr.com,Bad Domain
sbcglobal.net,Bad Domain
optonline.net,Bad Domain
windstream.com,Bad Domain
live.ca,Bad Domain
hotmail.ca,Bad Domain
yahoo.ca,Bad Domain
shaw.ca,Bad Domain
charter.net,Bad Domain
ringcentralbusiness.com,Bad Domain
swbell.net,Bad Domain
att.net,Bad Domain
email.com,Bad Domain
gmx.com,Bad Domain
icloud.com,Bad Domain
no.com,Bad Domain
no.comx,Bad Domain
no.no,Bad Domain
noeamil.com,Bad Domain
noemail.com,Bad Domain
qwest.net,Bad Domain
qwestoffice.net,Bad Domain
rc.com,Bad Domain
testmail.com,Bad Domain
verizon.com,Bad Domain
verizon.et,Bad Domain
verizon.ne,Bad Domain
verizone.net,Bad Domain
wirelessadvisors.ca,Bad Domain
wireless-systems.net,Bad Domain
a.com,Bad Domain
126.com,Bad Domain
163.com,Bad Domain
123.com,Bad Domain
1.com,Bad Domain
qq.com,Bad Domain
eastlink.ca,Bad Domain
hushmail.com,Bad Domain
snet.net,Bad Domain
netzero.net,Bad Domain
belnet.ca,Bad Domain
netscape.net,Bad Domain
mail.com,Bad Domain
sympatico.ca,Bad Domain
telus.com,Bad Domain
juno.com,Bad Domain
btiniternet.com,Bad Domain
roadrunner.com,Bad Domain
pacbell.net,Bad Domain
windstream.net,Bad Domain
mindspring.com,Bad Domain
kc.rr.com,Bad Domain
telus.net,Bad Domain
sky.com,Bad Domain
btconnect.com,Bad Domain
bt.com,Bad Domain
btinternet.com,Bad Domain
btopenworld.com,Bad Domain
hotmail.co.uk,Bad Domain
wi.rr.com,Bad Domain
yahoo.co.uk,Bad Domain
panhandle.rr.com,Bad Domain
yahooo.com,Bad Domain
yahoo.comgeek,Bad Domain
noneonyahoosearch.com,Bad Domain
san.rr.com,Bad Domain
od.ab-soft.net,Bad Domain
nordigy.ru,Bad Domain
godaddy.com,Bad Domain
bell.ca,Bad Domain
test.co.uk,Bad Domain
abc.com,Bad Domain
"bouyguestelecom.fr	",Bad Domain
"dartybox.com	",Bad Domain
"fdn.fr	",Bad Domain
"free.fr	",Bad Domain
"GrenoblIX.net	",Bad Domain
"caissedesdepots.fr	",Bad Domain
"LyonIX.net	",Bad Domain
"neufcegetel.fr	",Bad Domain
"orange.fr	",Bad Domain
"orange.com	",Bad Domain
"sfr.fr	",Bad Domain
wanadoo.fr,Bad Domain
yopmail.com,Bad Domain
simplion.com,Bad Domain
facebook.com,Bad Domain
cox.com,Bad Domain
comcastspectacor.com,Bad Domain
sprint.com,Bad Domain
charter.com,Bad Domain
vecc9-1-1.com,Bad Domain
c-and-a.com,Bad Domain
atlantic-me.com,Bad Domain
id-a.com,Bad Domain
i-sprint.com,Bad Domain
j-l-a.com,Bad Domain
health.msn.com,Bad Domain
ifi-test.com,Bad Domain
qi-a.com,Bad Domain
fn-test.com,Bad Domain
riflechurch.qwestoffice.net,Bad Domain
facebook.com/fisstaffingsolutions,Bad Domain
redcare.bt.com,Bad Domain
ami-me.com,Bad Domain
image-1.com,Bad Domain
giordano-me.com,Bad Domain
san-a.com,Bad Domain
mgc-a.com,Bad Domain
hol-mac.com,Bad Domain
charter-a.com,Bad Domain
bus-charter.com,Bad Domain
outlook.live.com,Bad Domain
american-1.com,Bad Domain
e-t-a.com,Bad Domain
facebook.com/magichairstudios,Bad Domain
facebook.com/sambadamudanca,Bad Domain
facebook.com/alliancecompressors,Bad Domain
corporate.charter.com,Bad Domain
frsky-rc.com,Bad Domain
bt.com.au,Bad Domain
jet-mail.com,Bad Domain
sdf-a.com,Bad Domain
sales-email.com,Bad Domain
josephsjewelers.com.ps.ringcentral.com,Bad Domain
aa-me.com,Bad Domain
ec.rr.com,Bad Domain
csc-a.com,Bad Domain
j-m-a.com,Bad Domain
ps.ringcentral.com,Bad Domain
neibenefits.org.ps.ringcentral.com,Bad Domain
canvas-sky.com,Bad Domain
retire-me.com,Bad Domain
dmsolutions38@gmail.com,Bad Domain
b-n-a.com,Bad Domain
advantage-rc.com,Bad Domain
Elitetranspo2019@gmail.com,Bad Domain
younessilaw.com.ps.ringcentral.com,Bad Domain
jive-live.com,Bad Domain
netxworks.org.ps.ringcentral.com,Bad Domain
interstate-1.com,Bad Domain
palermolistings.com.ps.ringcentral.com,Bad Domain
chabadwyomingoffice@gmail.com,Bad Domain
youngrh432@gmail.com,Bad Domain
actionliftinc.com.ps.ringcentral.com,Bad Domain
era-rc.com,Bad Domain
cfl.rr.com,Bad Domain
24hvirtual.com.ps.rc.com,Bad Domain
hawkeye-1.com,Bad Domain
usa-rc.com,Bad Domain
yb-a.com,Bad Domain
secureweb-mail.com,Bad Domain
mosmanprep.nsw.edu.au.ps.ringcentral.com,Bad Domain
christensen_dennis@hotmail.com,Bad Domain
noemail.com.ps.ringcentral.com,Bad Domain
taa-a.com,Bad Domain
sc.rr.com,Bad Domain
wastemanaged.co.uk.ps.ringcentral.com,Bad Domain
hot.rr.com,Bad Domain
ltcreit.rc.com,Bad Domain
woh.rr.com,Bad Domain
maxillc.com.ps.ringcentral.com,Bad Domain
beachtimber.com.ps.ringcentral.com,Bad Domain
vip.126.com,Bad Domain
appliedimage.com.ps.ringcentral.com,Bad Domain
live.com.mx,Bad Domain
solishealthplans.com.ps.ringcentral.com,Bad Domain
elva-1.com,Bad Domain
facebook.com.au,Bad Domain
graham-rogers.com,Bad Domain
lac-mac.com,Bad Domain
alaska-fishing-charter.net,Bad Domain
cts-1.com,Bad Domain
facebook.com/metalayeenterprisesinc,Bad Domain
sky.com.mx,Bad Domain
corporate.comcast.com,Bad Domain
ocean-yacht-charter.com,Bad Domain
lj-a.com,Bad Domain
bank-abc.com,Bad Domain
annie-mac.com,Bad Domain
h-mac.com,Bad Domain
sport.uk.msn.com,Bad Domain
compu-mail.com,Bad Domain
ccclients-test.com,Bad Domain
portal-a.com,Bad Domain
star-1.com,Bad Domain
facebook.com/financialjuggernaut,Bad Domain
all-and-1.com,Bad Domain
marsm-a.com,Bad Domain
esg-1.com,Bad Domain
ic-1.com,Bad Domain
n-a-f-a.com,Bad Domain
facebook.com/pages/magnussen-dealer-group/258829810800963,Bad Domain
champion-charter.com,Bad Domain
bonfire-live.com,Bad Domain
facebook.com/westtechenterprises,Bad Domain
facebook.com/premiermsi,Bad Domain
facebook.com/amherstpoliceny,Bad Domain
facebook.com/vegetarian.resource.center,Bad Domain
facebook.com/pages/tiffany-murrill-thompson-insurance-advising/518901744897177,Bad Domain
facebook.com/ashleyfurniturehomestorehuntsville,Bad Domain
bengamla-charter.com,Bad Domain
facebook.com/activatecellular/info,Bad Domain
facebook.com/home.php#!/pages/brown-vending-company/342153862514169,Bad Domain
facebook.com/pages/nextage-rocky-mountain-region/647301148647610,Bad Domain
facebook.com/menifeecubpack444,Bad Domain
facebook.com/hcphomehealth,Bad Domain
dyna-mac.com,Bad Domain
data-mail.com,Bad Domain
for-a.com,Bad Domain
tube-mac.com,Bad Domain
mst-1.com,Bad Domain
wg-a.com,Bad Domain
facebook.com/westcoastwireless49,Bad Domain
facebook.com/rhdpittsburgh,Bad Domain
facebook.com/pages/empire-satellite/380205132150544,Bad Domain
facebook.com/runwaypostproduction,Bad Domain
method-1.com,Bad Domain
sky.com.br,Bad Domain
finance.aol.com/quotes/vineyard-national-bancorp/vnbc/nas,Bad Domain
isb-me.com,Bad Domain
cybersecurity.att.com,Bad Domain
tru-test.com,Bad Domain
m-f-a.com,Bad Domain
trans-1.com,Bad Domain
autism-live.com,Bad Domain
ckc.com.ps.ringcentral.com,Bad Domain
n@no.com,Bad Domain
the-mac.com,Bad Domain
itc-1.com,Bad Domain
housecallshc.org.ps.ringcentral.com,Bad Domain
new.rr.com,Bad Domain
cinci.rr.com,Bad Domain
chick-fil-a.com,Bad Domain
nycap.rr.com,Bad Domain
live-live.com,Bad Domain
mood-me.com,Bad Domain
sch-a.com,Bad Domain
knight-sky.com,Bad Domain
rightturnrecruiting.com.ps.ringcentral.com,Bad Domain
@verizon.net,Bad Domain
pss-1.com,Bad Domain
jiffyouth.org.ps.ringcentral.com,Bad Domain
CENTRALHEATINGCOOLING@MAIL.COM,Bad Domain
0-to-1.com,Bad Domain
yahoo.com.tw,Bad Domain
groma.com.ps.ringcentral.com,Bad Domain
hazmat-1.com,Bad Domain
asia-mail.com,Bad Domain
msi-me.com,Bad Domain
mlllawcom.ps.ringcentral.com,Bad Domain
automation-123.com,Bad Domain
milfac.com.ps.ringcentral.com,Bad Domain
austin.rr.com,Bad Domain
none@aol.com,Bad Domain
mms.att.net,Bad Domain
netwitness.com.ps.ringcentral.com,Bad Domain
tampabay.rr.com,Bad Domain
bar-a.com,Bad Domain
rai-1.com,Bad Domain
americancarcenter.com.ps.ringcentral.com,Bad Domain
live.com.au,Bad Domain
m-rr.com,Bad Domain
ringcentral.com.ps.ringcentral.com,Bad Domain
rooftech-no.com,Bad Domain
jzw-a.com,Bad Domain
perfect-live.com,Bad Domain
option-1.com,Bad Domain
alaska-charter.com,Bad Domain
eco-mail.com,Bad Domain
merri-mac.com,Bad Domain
mmp-a.com,Bad Domain
turboinsurance@yahoo.com,Bad Domain
dominator2@mac.com,Bad Domain
m-n-a.com,Bad Domain
total-mail.com,Bad Domain
dist2000.com.ps.ringcentral.com,Bad Domain
mtnmedical.com.ps.ringcentral.com,Bad Domain
debt-rr.com.ps.ringcentral.com,Bad Domain
highhopestr.org.ps.ringcentral.com,Bad Domain
lanaihealth.org.ps.ringcentral.com,Bad Domain
nj.rr.com,Bad Domain
gmail.ps.ringcentral.com,Bad Domain
voysus.com.ps.rc.com,Bad Domain
smchc.org.ps.ringcentral.com,Bad Domain
eisemanjewels.com.ps.ringcentral.com,Bad Domain
roger-cox.com,Bad Domain
nic-mail.com,Bad Domain
ati-1.com,Bad Domain
alpha-1.com,Bad Domain
digital-outlook.com,Bad Domain
maynards-rogers.com,Bad Domain
fpi-no.com,Bad Domain
nc.rr.com,Bad Domain
bci-1.com,Bad Domain
60601-1.com,Bad Domain
balance-me.com,Bad Domain
vapore.com.ps.ringcentral.com,Bad Domain
market-outlook.com,Bad Domain
hekemian.com.ps.ringcentral.com,Bad Domain
carson-mcdowell.com.ips.ringcentral.com,Bad Domain
p-m-a.com,Bad Domain
pei-1.com,Bad Domain
epiphanyofourlord3420@gmail.com,Bad Domain
rcs-rc.com,Bad Domain
lj-rogers.com,Bad Domain
model-a.com.au,Bad Domain
sae-a.com,Bad Domain
honest-1.com,Bad Domain
efp-me.com,Bad Domain
intraco-me.com,Bad Domain
moore-me.com,Bad Domain
telus.com/en/mobility,Bad Domain
ajk-a.com,Bad Domain
hl-a.com,Bad Domain
n-o-v-a.com,Bad Domain
architecture-1.com,Bad Domain
jm-a.com,Bad Domain
all-in-1.com,Bad Domain
second-to-none.com,Bad Domain
robin-rogers.com,Bad Domain
jor-mac.com,Bad Domain
bma-1.com,Bad Domain
alert-1.com,Bad Domain
plumbers-1.com,Bad Domain
stellar-1.com,Bad Domain
packard-1.com,Bad Domain
sdt-1.com,Bad Domain
intercon-1.com,Bad Domain
au.news.yahoo.com,Bad Domain
project-a.com,Bad Domain
nea-me.com,Bad Domain
facebook.com/pages/united-way-of-weld-county-young-leaders-society/241864432629706,Bad Domain
facebook.com/datzdough,Bad Domain
servicemaster-rc.com,Bad Domain
rtv-live.com,Bad Domain
redshift-live.com,Bad Domain
indy-live.com,Bad Domain
photo-me.com,Bad Domain
express-1.com,Bad Domain
globalservices.bt.com,Bad Domain
business.bt.com/bt-local-business,Bad Domain
ilr-mail.com,Bad Domain
ccs-live.com,Bad Domain
ocb-me.com,Bad Domain
protransport-1.com,Bad Domain
opx-1.com,Bad Domain
icam-1.com,Bad Domain
ver-mac.com,Bad Domain
consolidated-mail.com,Bad Domain
techno-test.com,Bad Domain
members.aol.com,Bad Domain
cincinnati-test.com,Bad Domain
l-p-a.com,Bad Domain
rbsalbany.com.ps.ringcentral.com,Bad Domain
firstmco.com.ps.ringcentral.com,Bad Domain
huntingtonloans-email.com,Bad Domain
bds-1.com,Bad Domain
arivs.com.ps.rc.com,Bad Domain
wp-a.com,Bad Domain
123loadboard.com.ps.ringcentral.com,Bad Domain
b-w-a.com,Bad Domain
ca.rr.com,Bad Domain
executive-email.com,Bad Domain
o-plus-a.com,Bad Domain
k-a.com,Bad Domain
ipacegl@gmail.com,Bad Domain
tshaylin@gmail.com,Bad Domain
sax_10@yahoo.com,Bad Domain
amr-no.com,Bad Domain
usnet-1.com,Bad Domain
